name,email,age,phones
teste 1,teste1@gmail.com,22,"5555955555555,5555955555555"
teste 2,teste2@gmail.com,23,"5555955555555,5555955555555"
teste 3,teste3@gmail.com,24,"5555955555555,5555955555555"
teste 4,teste4@gmail.com,25,"5555955555555,5555955555555"
teste 5,teste5@gmail.com,26,"5555955555555,5555955555555"
teste 6,teste6@gmail.com,27,"5555955555555,5555955555555"
teste 7,teste7@gmail.com,28,"5555955555555,5555955555555"
teste 8,teste8@gmail.com,29,"5555955555555,5555955555555"
teste 9,teste9@gmail.com,30,"5555955555555,5555955555555"
teste 10,teste10@gmail.com,31,"5555955555555,5555955555555"
teste 11,teste11@gmail.com,32,"5555955555555,5555955555555"
teste 12,teste12@gmail.com,33,"5555955555555,5555955555555"
teste 13,teste13@gmail.com,34,"5555955555555,5555955555555"
teste 14,teste14@gmail.com,35,"5555955555555,5555955555555"
teste 15,teste15@gmail.com,36,"5555955555555,5555955555555"
teste 16,teste16@gmail.com,37,"5555955555555,5555955555555"
teste 17,teste17@gmail.com,38,"5555955555555,5555955555555"
teste 18,teste18@gmail.com,39,"5555955555555,5555955555555"
teste 19,teste19@gmail.com,40,"5555955555555,5555955555555"
teste 20,teste20@gmail.com,41,"5555955555555,5555955555555"
teste 21,teste21@gmail.com,42,"5555955555555,5555955555555"
teste 22,teste22@gmail.com,43,"5555955555555,5555955555555"
teste 23,teste23@gmail.com,44,"5555955555555,5555955555555"
teste 24,teste24@gmail.com,45,"5555955555555,5555955555555"
teste 25,teste25@gmail.com,46,"5555955555555,5555955555555"